"operator","noc"
"1st Bus Stop Ltd","FBSM"
"21 Transport LTD","TWET"
"A1 Coaches","ALU"
"A1 Coaches","AOLC"
"A2B Travel Group Ltd","A2BR"
"A2B Travel (UK) Limited","A2BV"
"A&A Coach Travel Ltd","AACT"
"A and J Taxis","AJTX"
"A B Coaches Ltd","NABC"
"Abellio London","ABLO"
"Abellio London","ABSU"
"Ability (Northants) CIC","ABNH"
"Abus","ABUS"
"Acklams Coaches","ACKC"
"Acklams Coaches","BKNG"
"Acme Bus Co","ACME"
"ACTICA","ACTICA"
"AC Williams","WMSA"
"Aintree Coaches","AINT"
"Airport Parking & Hotels Ltd","APHL"
"A & J Coaches","AJCO"
"ALBATROSS BUS & COACHES LTD","ATBC"
"A-Line Coaches","ALCG"
"A-LINE COACHES COVENTRY LTD","ALCC"
"Al's Coaches","ALSC"
"A Lyles & Son","LNGS"
"Ambassador Travel","AMBS"
"A & M Group - Flexibus","AAMG"
"A & M Group - Flexibus","AMGR"
"A & M Group - Flexibus","AMMG"
"AMK","AMKC"
"Andersons of Langholm","ANDL"
"Andrews Coaches","ANTR"
"ANSA ENVIRONMENTAL SERVICES LIMITED","5432"
"APT Coaches Ltd","APTC"
"Archway Travel","ARCT"
"Arriva UK Bus","ACYM"
"Arriva UK Bus","ADER"
"Arriva UK Bus","AFCL"
"Arriva UK Bus","AKSS"
"Arriva UK Bus","ALIV"
"Arriva UK Bus","ALNO"
"Arriva UK Bus","ALSO"
"Arriva UK Bus","AMAN"
"Arriva UK Bus","AMID"
"Arriva UK Bus","AMNO"
"Arriva UK Bus","AMSY"
"Arriva UK Bus","AMTM"
"Arriva UK Bus","AMTN"
"Arriva UK Bus","ANEA"
"Arriva UK Bus","ANUM"
"Arriva UK Bus","ANWE"
"Arriva UK Bus","APBB"
"Arriva UK Bus","ARBB"
"Arriva UK Bus","ARDU"
"Arriva UK Bus","ARHE"
"Arriva UK Bus","ARVA"
"Arriva UK Bus","ASCN"
"Arriva UK Bus","ASES"
"Arriva UK Bus","ASOU"
"Arriva UK Bus","ASWS"
"Arriva UK Bus","AVCH"
"Arriva UK Bus","AVLO"
"Arriva UK Bus","CBLL"
"Arriva UK Bus","GBAK"
"Arriva UK Bus","GLAH"
"Arriva UK Bus","GLAR"
"Arriva UK Bus","GLNK"
"Arriva UK Bus","GLTB"
"Arriva UK Bus","GLTG"
"Arriva UK Bus","GRLN"
"Arriva UK Bus","HBSY"
"Arriva UK Bus","HINB"
"Arriva UK Bus","HUDB"
"Arriva UK Bus","MKMT"
"Arriva UK Bus","NECO"
"Arriva UK Bus","NETH"
"Arriva UK Bus","TGMS"
"Arriva UK Bus","WRAY"
"Arriva UK Bus","YTIG"
"ASD Coaches","ASDC"
"Ashbourne Little Bus Co","ACT"
"Ashbourne Little Bus Co","ASCT"
"Ashcrofts Mini Travel","ASMT"
"Ashcroft Travel","ASHT"
"Ashwood Travel","NTMY"
"Aston Coaches","ASTC"
"ASTRA COACH TRAVEL LTD T/A EAGLE LINE TRAVEL","ACTL"
"Atlantic Travel","ATGB"
"Autocar Bus & Coach Services","AUTO"
"Axe Valley Mini Travel","AVMT"
"Banga Buses","BANG"
"Banga Buses","BBSR"
"BARKER BUS LTD","BARKER BUS LTD"
"BARNETT'S COACHES LTD","BARC"
"Bath Bus Company","BBCL"
"Bath Bus Company","CSIT"
"Bath & North East Somerset Council","BNSC"
"Bayliss Executive Travel","BLET"
"Bear Buses","BEAR"
"Bedford Borough Council (UILTA)","BedLTA"
"Beeline Coaches","BZCO"
"Beestons","BEES"
"Belle Coaches","BLCO"
"Belle Vue","BEVC"
"Bennetts Coaches Limited","BNNT"
"Bennetts Travel","BENC"
"Berry's Coaches","BYCO"
"Blackburn Private Hire","BLPH"
"Blackburn with Darwen Borough Council (UILTA)","BBDLTA"
"Black Cat Travel Ltd","BLCT"
"Blackpool Transport","BLAC"
"Bland's (Rutland) Ltd","MBTR"
"Blue Buses","SCRT"
"Blueworks Taxis Ltd","BPHI"
"BM Coaches and Rental Ltd","BMCS"
"Border Bus","BDRB"
"Border Rambler","BRCS"
"Bouden Coach Travel","5345"
"Boultons of Shropshire Ltd","BLTS"
"Bournemouth Christchurch & Poole Council (UILTA)","BCPCLTA"
"Bracknell Forest Council (UILTA)","BrackLTA"
"Brian Jones Coaches","BJCO"
"Brighton & Hove City Council (LTA)","BrightLTA"
"Bristol City Council (UILTA)","BrisLTA"
"Britannia Coaches","CARL"
"Brookline Coaches Ltd","BRLN"
"Brylaine Travel","BRYL"
"Buckinghamshire County Council","BucksLTA"
"Bullocks Coaches","BULL"
"Bus Link Ltd","BULI"
"Calderdale Metropolitan Borough Council (UILTA)","CaldLTA"
"CallConnect","CALC"
"Cambridgeshire and Peterbrough Combined Authority (UILTA)","CamPtrLTA"
"Caradoc Coaches","CARA"
"Cardinal Buses","CARD"
"Care Park UK Limited","3421"
"Carlone Buses","CLNB"
"Carolean Coaches Ltd","CRLN"
"Catteralls","CTLL"
"Cavern City Tours","CAVE"
"CAWTHORNE'S TRAVEL LTD","CAWT"
"Celtic Travel","CELT"
"Centaur Coaches","CNTC"
"Centrebus Group","CBBH"
"Centrebus Group","CBNL"
"Centrebus Group","CRDR"
"Centrebus Group","DAGC"
"Centrebus Group","HIPK"
"Centrebus Group","HULS"
"CENTURION TRAVEL LTD","CTLT"
"C G Myall & Son","MYAL"
"Chalkwell","CHLK"
"Chandlers Coach Travel","CDCT"
"Charltons","CHAR"
"Chepstow Classic Buses","CHCB"
"Cheshire East Council (UILTA)","CheshLTA"
"Cheshire West and Chester Council (UILTA)","CWC"
"City of Bradford Metropolitan District Council (UILTA)","BradMetLTA"
"City Sightseeing Oxford",""
"Cityswift","CITYSWIFT"
"City Transport Group","YCTG"
"CITY TRAVEL (YORKSHIRE) LTD","4568"
"Clarkes of London","CLKL"
"Clearway of Catshill","CLER"
"Clearway of Catshill","CRWY"
"Coach Events Services Ltd","COEV"
"Coach Hire Executive Travel Ltd","BVTE"
"Coach Services","CSVC"
"Coachstyle","COAC"
"Coastal Coaches","COAS"
"Coastal Coaches","CSTL"
"Coastal & Country Coaches","CACC"
"Coastal Liner","COLI"
"Coastliner Buses","NUTT"
"Coatham Coaches","COTY"
"Cogenhoe and Whiston Parish Council","CWPC"
"CommMiniBus","COMM"
"Community Transport","CTCV"
"Community Transport South Wiltshire","CTSW"
"Compass Travel","COMT"
"Connect2Wiltshire","C2WI"
"Coopers Tours Ltd","CPTR"
"Cornwall Council (including Isles of Scilly)  (UILTA)","CORN"
"Cotswold Green","COTS"
"Country Bus","CNTY"
"Coventry Minibuses","COMI"
"Craig of Campbeltown Ltd","BORD"
"Craig of Campbeltown Ltd","PERY"
"Cresta Coaches","CRES"
"Crosskeys Coaches","CRKC"
"Cross Street Travel Ltd","CSTR"
"Cruisers","MINI"
"CT4N Ltd","NOCT"
"CT Coaches","CTCO"
"Cuckmere Buses","CKMR"
"Cumbria County Council (LTA)","CumbLTA"
"Cumfybus","CUBU"
"CVS ESSEX LIMITED","CVSE"
"Cymru Coaches Ltd","CYMC"
"Daniel Trent TA Dan's Coach Travel","DNCT"
"Dansa LTD","DVPA"
"Dartline Coaches","DTCO"
"Dartmouth Steam Railway And River Boat Company","DPCR"
"David Goodfellow Travel","DGTR"
"Delaine Buses","DELA"
"Dents Coaches","DENN"
"Department for Transport","DFT"
"Derbyshire Community Transport","CT4T"
"Derbyshire County Council (UILTA)","DshireLTA"
"Derby (UILTA)","DerbyLTA"
"Devon County Council (UILTA)","DEVONLTA"
"Dickinsons Coaches","DIKI"
"Discover Dorset","DDLT"
"DISCOVER DORSET LTD",""
"Dons Coaches (Dunmow) Ltd","DONS"
"Dorset Council (LTA)","DOCC"
"DRM Coaches","DRMC"
"D R Taxis Llanelli Ltd","DRTM"
"Duck Tours","DUCK"
"Dunnett's Transport Ltd","DUTR"
"Durham County Council (UILTA)","DCCL"
"DVSA","DVSA"
"East Midlands Combined County Authority (UILTA)","EMCCA"
"East Riding of Yorkshire Council (UILTA)","ERYLTA"
"East Sussex County Council (UILTA)","ESussLTA"
"Edwards Coaches Limited","EDWC"
"Edward Thomas","EDTM"
"Ellenvale Coaches","ELNV"
"Ember Core Ltd","EMBR"
"Englands","ENLI"
"England's Economic Heartland","EEH"
"Ensign Bus","ENSB"
"Esk Valley Coaches","ESKV"
"Essex County Council (UILTA)","EssexLTA"
"E Stott & Sons Ltd","ESTS"
"Eurocoaches Ltd","EUTX"
"Evolve Bus & Coach","LCCO"
"E-zec Medical Transport Services","EZMT"
"Falcon Buses","FALC"
"Fal River Links","10567"
"Fareline Bus & Coach Services","FABC"
"Faresaver Buses","FOSS"
"Faresaver Buses","FSRV"
"Fargo Coaches","FARG"
"Farleigh Coaches","FARL"
"Fastline Travel","FLNE"
"Faversham Town Council","FVTC"
"Feline Executive Travel","FELT"
"Felix Taxis & Co.","FXTX"
"Ferryhill Village Travel","FVTL"
"Fife Council (UILTA)","FifeLTA"
"Filers Travel Limited","FTZL"
"Finestyle Coaches","SLCH"
"First Bus","FABD"
"First Bus","FBOS"
"First Bus","FBRA"
"First Bus","FBRI"
"First Bus","FCWL"
"First Bus","FCYM"
"First Bus","FDOR"
"First Bus","FECS"
"First Bus","FESX"
"First Bus","FGLA"
"First Bus","FHAL"
"First Bus","FHAM"
"First Bus","FHUD"
"First Bus","FLDS"
"First Bus","FLEI"
"First Bus","FMAN"
"First Bus","FPOT"
"First Bus","FSMR"
"First Bus","FSYO"
"First Bus","FTVA"
"First Bus","FWYO"
"First Bus","FYOR"
"First Bus","RRAR"
"First Bus London","EPSM"
"First Bus London","LSOV"
"First Bus London","LUTD"
"First Bus London","QULN"
"First Bus London","TDEV"
"First & Last Mile","FALM"
"Fords Coaches","FRDS"
"Fourways Coaches","FWAY"
"Fowlers Travel","FOWT"
"Frome Bus","FRMN"
"F R Willetts","GWIL"
"Gateshead Central Taxis","GHCT"
"GATWICK HOPPA LTD","GHOP"
"GEM Mini Travel Ltd","GMMN"
"Gemsar Travel Ltd","GEMS"
"Gem Travel","GATS"
"Generation Travel Ltd","GTLT"
"Glen Valley Tours","GVTR"
"Globe Holidays Ltd","BBCG"
"Globe Holidays Ltd","GLCS"
"Gloucestershire County Council","GLCC"
"Gloucestershire County Council (UILTA)","GLOULTA"
"Go-Ahead","BHBC"
"Go-Ahead","BLUS"
"Go-Ahead","BTRI"
"Go-Ahead","CROP"
"Go-Ahead","CSLB"
"Go-Ahead","CSSO"
"Go-Ahead","DAMY"
"Go-Ahead","DBLU"
"Go-Ahead","DDIS"
"Go-Ahead","ETBU"
"Go-Ahead","EYMS"
"Go-Ahead","FAST"
"Go-Ahead","GAGL"
"Go-Ahead","GAHL"
"Go-Ahead","GAWY"
"Go-Ahead","GNEL"
"Go-Ahead","GONW"
"Go-Ahead","GOSW"
"Go-Ahead","KNCO"
"Go-Ahead","LCAG"
"Go-Ahead","LGEN"
"Go-Ahead","LONC"
"Go-Ahead","MBGA"
"Go-Ahead","METR"
"Go-Ahead","NATI"
"Go-Ahead","OEXP"
"Go-Ahead","OXBC"
"Go-Ahead","PLYC"
"Go-Ahead","PROC"
"Go-Ahead","PULH"
"Go-Ahead","SDMS"
"Go-Ahead","SVCT"
"Go-Ahead","SWWD"
"Go-Ahead","TDTR"
"Go-Ahead","TFCN"
"Go-Ahead","THTR"
"Go-Ahead","TOUR"
"Go-Ahead","UNBU"
"Go-Ahead","UNIL"
"Go-Ahead","WDBC"
"GO-Coach Hire Ltd","GOCH"
"Golden Tours","GTSL"
"Grant Palmer","GPLM"
"Grayline Coaches","GYLC"
"Grayscroft Coaches","GRYC"
"Greater Manchester Combined Authority  (UILTA)","MANC"
"Greenslades Tours (Exeter) Ltd","GNSL"
"Grindles Coaches","GRIN"
"Grosvenor Coaches","GRVN"
"Gwent Vales Travel Limited","GVTL"
"HADLOW RURAL COMMUNITY SCHOOL LIMITED","HRCS"
"Hampshire County Council (UILTA)","HCCT"
"Hampton Coaches","HMPT"
"Hams Travel","HAMS"
"Harpur's Coaches Ltd","HASO"
"Harrods Coaches","HACO"
"Harrogate Coach Travel Ltd","HCTY"
"Harrogate Coach Travel Ltd","HGCT"
"Harrogate Coach Travel Ltd","YRRB"
"Hatch Green Coaches","HGCO"
"Hattons Transport Ltd","HATT"
"Hawkes Coaches","HWKS"
"Haytaxibus","LOWI"
"Heatons Coaches","WCTY"
"Hedge the Distance","HEDG"
"Henshaw's Executive Travel","HENS"
"Herefordshire Council (UILTA)","HereLTA"
"Hertfordshire County Council (UILTA)","HERTLTA"
"Hiltons Travel","HILT"
"Hodgson Coach Operators","HDGS"
"Hollinshead Coaches","HOLL"
"Holmeswood Coaches Ltd","HWCO"
"Hopleys Coaches","HOPE"
"Hornsby Travel Ltd","HNTS"
"Horseman Coaches","HRSC"
"HOWARDS TRAVEL AND OMEGA BUSWAYS LIMITED","HOWT"
"Hull City Council (UILTA)","HullLTA"
"Hunts Coaches","HNTC"
"Huyton Travel","HUYT"
"Iain McGregor","IMAC"
"Imperial Coaches","IPCO"
"Implementation Test","bentest"
"Implementation Test","CRTB"
"Implementation Test","IMPTEST"
"Implementation Test","New code"
"Implementation Test","OOOO"
"Ipswich Buses","IPSW"
"Irving of Dalston","IRVD"
"Isle of Wight Council (UILTA)","IOWLTA"
"Isle Valley Transport","IVTR"
"Ivel Sprinter","IVEL"
"Jackies Coaches","JACK"
"Jacksons of Silsden","JASI"
"James Bevan","JBVN"
"Jim Hughes Coaches","JHCL"
"J N Baker Ltd t/a Bakers Dolphin","BCOA"
"J N Baker Ltd t/a Bakers Dolphin","BDOL"
"John Dix Travel LTD","JDXT"
"JP Travel (ormskirk) LTD","PBHJ"
"JR Services (Highland Travel)","JURG"
"J S Perry & Son (Perry’s Coaches)","JSPY"
"JW Lodge & Sons","LODG"
"Kainos","KAINOS"
"K B Coaches","KBCO"
"KEANE TRAVEL LIMITED","KETR"
"Kempsford Transport UK Ltd","KEMT"
"Kent Coach Tours","KCTR"
"Kent County Council (UILTA)","KENT"
"Kettlewells (Retford) Ltd","KRWL"
"Kevendy's Travel","KEVE"
"Kevs Cars & Coaches","KEVS"
"Kinch Buses","KBUS"
"Kingshouse Travel Ltd","KHTL"
"Kingston (UILTA)","KingLTA"
"Kirkby Lonsdale Coaches","KLCO"
"KP CABS Cornwall Ltd","KPCA"
"KPMG","KPMG"
"Lakeland Commercials","LCAC"
"Lakeside Coaches Ltd","LAKC"
"Landflight","SLVL"
"Landmark Coaches","LDMK"
"Lane's Coaches","LNSC"
"Langston & Tasker","LTKR"
"LA Travel (Midlands) Ltd T/A South Staffs","LATR"
"Lawson's of Corby","LAWS"
"Lee Woad T/A Sweynes","LEWO"
"Leicester City Council (UILTA)","LeicLTA"
"Leicestershire County Council (UILTA)","LeicsLTA"
"L & G Coaches","LAGC"
"Libra Travel","LTRV"
"Lilbourne Community Minibus","LCMB"
"Lincolnshire County Council (UILTA)","LINC"
"Linden Holdings (Devon) Ltd","LIHO"
"Linkrider coaches","SDCO"
"Littles Travel","LTLS"
"Liverpool City Region Combined Authority (UILTA)","LCRLTA"
"Liverpool City Sights","LCIS"
"Lloyds Coaches","LLCO"
"LL Travel","JLLT"
"LMS Travel","LMST"
"Local Haunts","6532"
"London Bus Preservation Trust","LBPT"
"Londoner Buses Ltd","LNDR"
"London Vintage Bus Hire (trading as The London Bus Company)","LVBH"
"Lords Travel","LORD"
"Lords Travel","LTEA"
"Lucketts of Watford","LUCW"
"Lucketts Travel","LUCK"
"Lynx","LYNX"
"Maghull Coaches","MAGH"
"Manchester Bus Tours LTD","MBTO"
"Manhatton Transfers","3291"
"Marchants Coaches","MARC"
"Marshalls Coaches LLP","MSHC"
"Marshalls of Sutton on Trent","MSOT"
"Martock Minibuses Ltd T/A Vickery’s Coaches","MART"
"Masons Travel","MACH"
"Masons Travel","MSNT"
"McCall's Coaches Ltd","MCCL"
"MD Bus & Coach","LNNE"
"MD Bus & Coach","MDBC"
"Medway Council (UILTA)","MedLTA"
"Metroline Travel","MTLN"
"M&H Coaches","MHCO"
"Midland Classic","MDCL"
"Mikro coaches","MIKO"
"Mil-Ken Travel","MKEN"
"Milton Keynes Council (UILTA)","MKLTA"
"Minsterley Motors Ltd","MINS"
"Motts Travel","MOTT"
"Mountain Goat","MTGT"
"Moving People","MOVP"
"M R D","MRDL"
"M&R Travel","MAND"
"Mulleys Motorways","MULM"
"National Express Transport Solutions","NXAP"
"National Express (UK Coach)","NATX"
"National Express West Midlands","TCVW"
"National Express West Midlands","TNXB"
"NBM Hire","NBMH"
"New Adventure Travel","NADT"
"Newport Transport Ltd","NWPT"
"Nexus","NXBM"
"Nexus","NXMT"
"Nexus Move","RDCA"
"NIBSbuses Limited","NIBS"
"Nick Maddy Coaches","NMCO"
"N.N. Cresswell","CRSS"
"Norfolk County Council (UILTA)","NorfLTA"
"North East Combined Authority (UILTA)","NECALTA"
"North Essex Travel Limited","NETR"
"North Lincolnshire Council (LTA)","NLCL"
"North Somerset Council (UILTA)","NSCC"
"Northstar Constellation Limited (formerly RMC1510 Limited)","NOST"
"Northumberland Travel","NOTL"
"North Yorkshire County Council (UILTA)","NYorkLTA"
"Nottingham City Council (UILTA)","NottsLTA"
"Nottingham City Transport","NCTR"
"Nottingham County Council","NOTB"
"Nottingham Minibuses & Coaches Ltd","PRVN"
"Nottinghamshire County Council (UILTA)","NottshLTA"
"Notts & Derby Traction Co. Limited","NDTR"
"Nu-Venture","NVTR"
"Oakleys Coaches","SWOC"
"Ogden Coaches","OGDC"
"Olympia Travel UK ltd","OLYM"
"Ormlie & Violets Taxis","ORML"
"OTC","OTCLTA"
"OTS","OTSS"
"Our Bus","OBUS"
"Owen's Travelmaster","OWNC"
"Oxfordshire County Council (UILTA)","OxLTA"
"Panther Travel","PNTR"
"Pats Coaches","PATS"
"Pauls Travel","PTRA"
"Paul S Winson Coaches","PWCO"
"PC Coaches of Lincoln","PCCO"
"Peoples Bus","PPBU"
"PETERBOROUGH LIMITED","PETERBOROUGH LIMITED"
"Peter Hodgson","HDGT"
"PETER HOGG OF JEDBURGH LTD","HOGG"
"Peter's Minibus Hire","PCMH"
"Phil Haines Coaches","HAIN"
"Phoenix Taxis & Minicoaches","PCNE"
"Pilkingtonbus","NWBT"
"Plymouth City Council (UILTA)","PlyLTA"
"Portsmouth City Coaches","EDMS"
"Portsmouth City Council (UILTA)","PORTLTA"
"Primrose Coaches","PRIC"
"Procters Coaches","NULL"
"Rambler Coaches","RAMB"
"Reading Borough Council (UILTA)","ReadLTA"
"Reading Buses","GLRB"
"Reading Buses","NADS"
"Reading Buses","NEWB"
"Reading Buses","RBUS"
"Reays Coaches","REAY"
"Red Eagle","REDE"
"Redline","REDL"
"Redline","SNCH"
"Redline Buses","RLNE"
"Red Rose Travel","RRTR"
"Redroute Buses","RDRT"
"Redwoods Travel","NRTL"
"Regent Coaches","RGNT"
"Regional Transport Ltd","RGTL"
"Reg's Coaches Ltd","REGC"
"Reptons Coaches","REPT"
"Richmonds Coaches","RCHC"
"R & J Coaches","RJCO"
"Roberts Travel Group","RBTS"
"Ron W Dew & Son Ltd","DEWS"
"Rooster Bus Ltd","ROOS"
"Roselyn Coaches","RSLN"
"Ross Travel","ROSS"
"Rotala Group of Companies","DIAM"
"Rotala Group of Companies","GTRI"
"Rotala Group of Companies","PBLT"
"Rotala Group of Companies","WNGS"
"Royal Buses","ESTW"
"Rushton Community Minibus","RCMB"
"Safeguard Coaches","SFGC"
"Safeway Coaches Ltd","YSCL"
"Sanders Coaches","SNDR"
"Sargeants Bros. Coaches Ltd","SARG"
"Scottish Citylink Coaches Ltd","MEGA"
"Scottish Citylink Coaches Ltd","SCLK"
"Seaford and District Motor Services Ltd","SEAD"
"Select Bus Services","SLBS"
"Selwyn's Travel","SELT"
"Sharpes of Nottingham","SHRN"
"Sheffield City Council (UILTA)","SheffLTA"
"Sheffield Community Transport","SCTP"
"Shires Passenger Transport","SHPT"
"Shoreline Suncruisers Ltd","SSSN"
"Shropshire County Council (LTA)","ShropLTA"
"Silverdale Tours (Nottingham) Ltd","SLVT"
"Skills Motor Coaches Ltd","SKIL"
"Sleafordian","SLEA"
"Slough Borough Council (UILTA)","SloughLTA"
"SMT Bus and Coach Ltd","SMTS"
"Solent Transport","SOL"
"Solus Coaches","SOLU"
"Somerset County Council (UILTA)","ATWE"
"Somerset County Council (UILTA)","MNCT"
"Somerset County Council (UILTA)","RIDL"
"Somerset County Council (UILTA)","SMST"
"Somerset County Council (UILTA)","SSCT"
"Somerset County Council (UILTA)","TTMI"
"Southampton City Council (UILTA)","SOUTHLTA"
"South Beds Dial a Ride","SBDR"
"South Dorset Coaches LTD","SDCL"
"Southend-on-Sea Borough Council (UILTA)","SEOSLTA"
"Southgate & Finchley Coaches Ltd","SOFI"
"South West Coaches","SWCO"
"South Yorkshire Mayoral Combined Authority (UILTA)","SYMCALTA"
"South Yorkshire Passenger Transport Executive","SYPT"
"Squarepeg","YSQU"
"Staffordshire County Council (UILTA)","StaffLTA"
"Stagecoach","ELBG"
"Stagecoach","SBLB"
"Stagecoach","SCCM"
"Stagecoach","SCCU"
"Stagecoach","SCEK"
"Stagecoach","SCEM"
"Stagecoach","SCFI"
"Stagecoach","SCGL"
"Stagecoach","SCHI"
"Stagecoach","SCMY"
"Stagecoach","SCNE"
"Stagecoach","SCNH"
"Stagecoach","SCOX"
"Stagecoach","SCSO"
"Stagecoach","SDVN"
"Stagecoach","SSWL"
"Stagecoach","STWS"
"Stagecoach","SYRK"
"Stanley Travel","STNE"
"Stanley Travel","STNL"
"Stanley Travel","STNT"
"Stantons of Stoke","SOST"
"Star Cabs","STCB"
"Starline","SLNE"
"Starline","STRL"
"Star Travel","SSAH"
"Star Travel","STAR"
"Star Travel","STHL"
"Station Coaches","YSTN"
"Stephensons of Essex","SESX"
"Steve Keats of Sheffield","STEK"
"Stevenson's Travel","STTR"
"Stewarts Coaches Ltd","STEW"
"St Ives Bus Co Ltd","STIV"
"Stoke-on-Trent City Council (UILTA)","SOTLTA"
"Stowmarket Minibus & Coach Hire","MBCH"
"Stringers Pontefract Motorways","SPMW"
"Suffolk County Council (UILTA)","SuffLTA"
"Sullivan Buses","SULV"
"SUNBEAM LUXURY COACHES LTD","SUNB"
"Surrey County Council (UILTA)","SurreyLTA"
"Sussex Coaches","SUSC"
"Swans Travel","SWTL"
"Sweyne Coaches","SWEY"
"Swindon Borough Council (UILTA)","SwinLTA"
"tallyho coaches","TLYH"
"Tanat Valley Coaches","TANV"
"Taunton School Enterprises Ltd","TSCE"
"Taw & Torridge Coaches Ltd","TAWT"
"Taxico (Aimee's)","GAGS"
"Taxico (Aimee's)","TXCO"
"Taylors Coach Travel Ltd","TCAT"
"Taylors Travel","TYSW"
"Tees Valley Combined Authority  (UILTA)","TVLTA"
"Telford Coaches","TELF"
"Tendring Community Transport","TEND"
"Tetley's Motor Services Ltd","TTLY"
"Thames Valley Buses","CTNY"
"Thames Valley Buses","THVB"
"Thandi Red Ltd","EVGC"
"The Big Lemon CIC","LEMB"
"The Big Lemon CIC","LEMN"
"The Big Red Bus","TBRB"
"The Clovelly Estate Co LTD","CLOV"
"Thornes Independent Ltd","THIL"
"Thurrock Council (UILTA)","ThurrLTA"
"T J Travel Ltd","TJTL"
"TK Travel","TKTR"
"TLC Travel Ltd","TLCT"
"TM Travel Ltd","TMTL"
"Top Mops Limited","MBUP"
"Torbay Buses","DJWA"
"Torbay Council (UILTA)","TorLTA"
"Totnes Community Bus","TOTN"
"Transdev","BPTR"
"Transdev","FLYE"
"Transdev","HRGT"
"Transdev","KDTR"
"Transdev","LNUD"
"Transdev","ROST"
"Transdev","TPEN"
"Transdev","YCST"
"Transport Connect","TCNT"
"Transport for Greater Manchester","ABCD"
"Transport for Greater Manchester","BNDB"
"Transport for Greater Manchester","BNFM"
"Transport for Greater Manchester","BNGN"
"Transport for Greater Manchester","BNML"
"Transport for Greater Manchester","BNSM"
"Transport for Greater Manchester","BNVB"
"Transport for the South East (LTA)","TFSELTA"
"Transport Made Simple","CHAM"
"Transport Made Simple","GOEA"
"Transport Made Simple","HEDO"
"Transport Made Simple","KCTB"
"Transport Made Simple","SEFF"
"Transport Made Simple","SIMO"
"Transport Made Simple","TMSB"
"Travel Cornwall","SMMC"
"Travel Express","TEXP"
"Travel Masters","TMST"
"trentbarton","BRTB"
"trentbarton","TBTN"
"Troopers Lodge Motor Services Ltd","TLGA"
"Tyrers Coaches","RSTY"
"Ugobus","ESCL"
"United Minibuses & Coaches Ltd","UNTM"
"Uno","UNIB"
"Vale Travel","VLET"
"Varteg Motors Ltd T/A Phil Anslow Coaches","ANSL"
"Viking Coaches (Heywood)","VIKG"
"VikingsCoaches.com Ltd","WVIK"
"Vision Bus","VISB"
"Voel Coaches Ltd","VOEL"
"Walsall Community Transport","WACT"
"Waltons Coach Hire","WCHL"
"Warrington Borough Council (UILTA)","WarrLTA"
"Warrington’s Own Buses","WBTR"
"Warwickshire County Council (UILTA)","WarLTA"
"Weardale Motor Services","WMSV"
"West Berkshire Council (UILTA)","WBCT"
"Western Dales Bus","WDCB"
"West Midlands Combined Authority (UILTA)","TFWMLTA"
"West Northamptonshire County Council (UILTA)","NorthsLTA"
"West Oxfordshire Community Transport","WOCT"
"West Sussex County Council (UILTA)","WSussLTA"
"West Yorkshire Combined Authority (UILTA)","WYCA"
"West of England Combined Authority (UILTA)","WestoeLTA"
"Whincop of Peasenhall","WHCO"
"Whippet Coaches","WHIP"
"White Bus","WBSV"
"Whites Coaches","WHTS"
"Wilfreda Luxury Coaches Ltd","WBHV"
"Wiltshere Council (UILTA)","WILT"
"Wiltshire County Council (UILTA)","WIBS"
"WNCT LTD","WNCT"
"Wokingham Borough Council (UILTA)","WokLTA"
"Woods Coaches Ltd","WOOC"
"Woods of Berwick Ltd","WBWK"
"Worcestershire County Council (UILTA)","WCSC"
"Wrexham & Prestige Taxis Ltd","TEMPWX"
"Wright Bros Coaches","WGTB"
"Wyre Coaches","WCOA"
"Xelabus","XLBL"
"Yarranton Brothers","YTNB"
"Yeomans Travel","LVTR"
"Yeomans Travel","YEOC"
"Yeos Contracts","YEOS"
"York & North Yorkshire Combined Authority (UILTA)","YNYCALTA"
"York Pullman Bus Company","KJTR"
"Yorkshire Travel Group Ltd t/a Yorkshire Buses","YYTG"
"Zero2 Bus Museum Ltd","ZERO"
"Z&S Transport","ZSIN"
